[
    {
        "iata": "TIA",
        "lat": 41.4146995544,
        "lon": 19.7206001282,
        "cca2": "AL",
        "region": "欧洲",
        "city": "地拉那"
    },
    {
        "iata": "ALG",
        "lat": 36.6910018921,
        "lon": 3.2154099941,
        "cca2": "DZ",
        "region": "非洲",
        "city": "阿尔及尔"
    },
    {
        "iata": "AAE",
        "lat": 36.85596,
        "lon": 7.79207,
        "cca2": "DZ",
        "region": "非洲",
        "city": "阿纳巴"
    },
    {
        "iata": "ORN",
        "lat": 35.6911,
        "lon": -0.6416,
        "cca2": "DZ",
        "region": "非洲",
        "city": "奥兰"
    },
    {
        "iata": "LAD",
        "lat": -8.8583698273,
        "lon": 13.2312002182,
        "cca2": "AO",
        "region": "非洲",
        "city": "罗安达"
    },
    {
        "iata": "EZE",
        "lat": -34.8222,
        "lon": -58.5358,
        "cca2": "AR",
        "region": "南美洲",
        "city": "布宜诺斯艾利斯"
    },
    {
        "iata": "COR",
        "lat": -31.31,
        "lon": -64.208333,
        "cca2": "AR",
        "region": "南美洲",
        "city": "科尔多瓦"
    },
    {
        "iata": "NQN",
        "lat": -38.9490013123,
        "lon": -68.1557006836,
        "cca2": "AR",
        "region": "南美洲",
        "city": "新地"
    },
    {
        "iata": "EVN",
        "lat": 40.1473007202,
        "lon": 44.3959007263,
        "cca2": "AM",
        "region": "中东",
        "city": "埃里温"
    },
    {
        "iata": "ADL",
        "lat": -34.9431729,
        "lon": 138.5335637,
        "cca2": "AU",
        "region": "大洋洲",
        "city": "阿德莱德"
    },
    {
        "iata": "BNE",
        "lat": -27.3841991425,
        "lon": 153.117004394,
        "cca2": "AU",
        "region": "大洋洲",
        "city": "布里斯班"
    },
    {
        "iata": "CBR",
        "lat": -35.3069000244,
        "lon": 149.1950073242,
        "cca2": "AU",
        "region": "大洋洲",
        "city": "堪培拉"
    },
    {
        "iata": "HBA",
        "lat": -42.883209,
        "lon": 147.331665,
        "cca2": "AU",
        "region": "大洋洲",
        "city": "霍巴特"
    },
    {
        "iata": "MEL",
        "lat": -37.6733016968,
        "lon": 144.843002319,
        "cca2": "AU",
        "region": "大洋洲",
        "city": "墨尔本"
    },
    {
        "iata": "PER",
        "lat": -31.9402999878,
        "lon": 115.967002869,
        "cca2": "AU",
        "region": "大洋洲",
        "city": "柏斯"
    },
    {
        "iata": "SYD",
        "lat": -33.9460983276,
        "lon": 151.177001953,
        "cca2": "AU",
        "region": "大洋洲",
        "city": "悉尼"
    },
    {
        "iata": "VIE",
        "lat": 48.1102981567,
        "lon": 16.5697002411,
        "cca2": "AT",
        "region": "欧洲",
        "city": "维也纳"
    },
    {
        "iata": "LLK",
        "lat": 38.7463989258,
        "lon": 48.8180007935,
        "cca2": "AZ",
        "region": "中东",
        "city": "阿斯塔拉"
    },
    {
        "iata": "GYD",
        "lat": 40.4674987793,
        "lon": 50.0466995239,
        "cca2": "AZ",
        "region": "中东",
        "city": "巴库"
    },
    {
        "iata": "BAH",
        "lat": 26.2707996368,
        "lon": 50.6335983276,
        "cca2": "BH",
        "region": "中东",
        "city": "麦纳麦"
    },
    {
        "iata": "CGP",
        "lat": 22.2495995,
        "lon": 91.8133011,
        "cca2": "BD",
        "region": "亚太地区",
        "city": "齐塔贡"
    },
    {
        "iata": "DAC",
        "lat": 23.843347,
        "lon": 90.397783,
        "cca2": "BD",
        "region": "亚太地区",
        "city": "达卡"
    },
    {
        "iata": "JSR",
        "lat": 23.1837997437,
        "lon": 89.1607971191,
        "cca2": "BD",
        "region": "亚太地区",
        "city": "加沙"
    },
    {
        "iata": "BGI",
        "lat": 13.103562,
        "lon": -59.603226,
        "cca2": "BB",
        "region": "北美洲",
        "city": "布里奇敦"
    },
    {
        "iata": "MSQ",
        "lat": 53.9006,
        "lon": 27.599,
        "cca2": "BY",
        "region": "欧洲",
        "city": "明斯克"
    },
    {
        "iata": "BRU",
        "lat": 50.9014015198,
        "lon": 4.4844398499,
        "cca2": "BE",
        "region": "欧洲",
        "city": "布鲁塞尔"
    },
    {
        "iata": "PBH",
        "lat": 27.4712,
        "lon": 89.6339,
        "cca2": "BT",
        "region": "亚太地区",
        "city": "廷布"
    },
    {
        "iata": "LPB",
        "lat": -16.4897,
        "lon": -68.1193,
        "cca2": "BO",
        "region": "南美洲",
        "city": "拉巴斯"
    },
    {
        "iata": "GBE",
        "lat": -24.6282,
        "lon": 25.9231,
        "cca2": "BW",
        "region": "非洲",
        "city": "哈伯罗内"
    },
    {
        "iata": "QWJ",
        "lat": -22.738,
        "lon": -47.334,
        "cca2": "BR",
        "region": "南美洲",
        "city": "阿默里卡"
    },
    {
        "iata": "ARU",
        "lat": -21.1413002014,
        "lon": -50.4247016907,
        "cca2": "BR",
        "region": "南美洲",
        "city": "阿拉卡图巴"
    },
    {
        "iata": "BEL",
        "lat": -1.4563,
        "lon": -48.5013,
        "cca2": "BR",
        "region": "南美洲",
        "city": "贝伦"
    },
    {
        "iata": "CNF",
        "lat": -19.624444,
        "lon": -43.971944,
        "cca2": "BR",
        "region": "南美洲",
        "city": "贝洛奥里藏特"
    },
    {
        "iata": "BNU",
        "lat": -26.89245,
        "lon": -49.07696,
        "cca2": "BR",
        "region": "南美洲",
        "city": "布卢梅瑙"
    },
    {
        "iata": "BSB",
        "lat": -15.79824,
        "lon": -47.90859,
        "cca2": "BR",
        "region": "南美洲",
        "city": "巴西利亚"
    },
    {
        "iata": "CFC",
        "lat": -26.7762,
        "lon": -51.0125,
        "cca2": "BR",
        "region": "南美洲",
        "city": "卡卡多"
    },
    {
        "iata": "VCP",
        "lat": -22.90662,
        "lon": -47.08576,
        "cca2": "BR",
        "region": "南美洲",
        "city": "坎皮纳斯"
    },
    {
        "iata": "CAW",
        "lat": -21.698299408,
        "lon": -41.301700592,
        "cca2": "BR",
        "region": "南美洲",
        "city": "坎波斯德戈伊塔卡泽斯"
    },
    {
        "iata": "XAP",
        "lat": -27.1341991425,
        "lon": -52.6566009521,
        "cca2": "BR",
        "region": "南美洲",
        "city": "查佩科"
    },
    {
        "iata": "CGB",
        "lat": -15.59611,
        "lon": -56.09667,
        "cca2": "BR",
        "region": "南美洲",
        "city": "库亚巴"
    },
    {
        "iata": "CWB",
        "lat": -25.5284996033,
        "lon": -49.1758003235,
        "cca2": "BR",
        "region": "南美洲",
        "city": "库里蒂巴"
    },
    {
        "iata": "FLN",
        "lat": -27.6702785492,
        "lon": -48.5525016785,
        "cca2": "BR",
        "region": "南美洲",
        "city": "弗洛里亚诺波利斯"
    },
    {
        "iata": "FOR",
        "lat": -3.7762799263,
        "lon": -38.5326004028,
        "cca2": "BR",
        "region": "南美洲",
        "city": "福塔雷萨"
    },
    {
        "iata": "GYN",
        "lat": -16.69727,
        "lon": -49.26851,
        "cca2": "BR",
        "region": "南美洲",
        "city": "戈亚尼亚"
    },
    {
        "iata": "ITJ",
        "lat": -27.6116676331,
        "lon": -48.6727790833,
        "cca2": "BR",
        "region": "南美洲",
        "city": "伊塔杰"
    },
    {
        "iata": "JOI",
        "lat": -26.304408,
        "lon": -48.846383,
        "cca2": "BR",
        "region": "南美洲",
        "city": "若因维尔"
    },
    {
        "iata": "JDO",
        "lat": -7.2242,
        "lon": -39.313,
        "cca2": "BR",
        "region": "南美洲",
        "city": "瓜拉奇诺"
    },
    {
        "iata": "MAO",
        "lat": -3.11286,
        "lon": -60.01949,
        "cca2": "BR",
        "region": "南美洲",
        "city": "马瑙斯"
    },
    {
        "iata": "PMW",
        "lat": -10.2915000916,
        "lon": -48.3569984436,
        "cca2": "BR",
        "region": "南美洲",
        "city": "帕尔马斯"
    },
    {
        "iata": "POA",
        "lat": -29.9944000244,
        "lon": -51.1713981628,
        "cca2": "BR",
        "region": "南美洲",
        "city": "巴西利亚"
    },
    {
        "iata": "REC",
        "lat": -8.1264896393,
        "lon": -34.9235992432,
        "cca2": "BR",
        "region": "南美洲",
        "city": "累西腓"
    },
    {
        "iata": "RAO",
        "lat": -21.1363887787,
        "lon": -47.7766685486,
        "cca2": "BR",
        "region": "南美洲",
        "city": "里贝朗普雷图"
    },
    {
        "iata": "GIG",
        "lat": -22.8099994659,
        "lon": -43.2505569458,
        "cca2": "BR",
        "region": "南美洲",
        "city": "里约热内卢"
    },
    {
        "iata": "SSA",
        "lat": -12.9086112976,
        "lon": -38.3224983215,
        "cca2": "BR",
        "region": "南美洲",
        "city": "萨尔瓦多"
    },
    {
        "iata": "SJP",
        "lat": -20.807157,
        "lon": -49.378994,
        "cca2": "BR",
        "region": "南美洲",
        "city": "圣何塞杜里奥普雷托"
    },
    {
        "iata": "SJK",
        "lat": -23.1791,
        "lon": -45.8872,
        "cca2": "BR",
        "region": "南美洲",
        "city": "圣何塞杜斯卡普斯"
    },
    {
        "iata": "GRU",
        "lat": -23.4355564117,
        "lon": -46.4730567932,
        "cca2": "BR",
        "region": "南美洲",
        "city": "圣保罗"
    },
    {
        "iata": "SOD",
        "lat": -23.54389,
        "lon": -46.63445,
        "cca2": "BR",
        "region": "南美洲",
        "city": "索罗卡巴"
    },
    {
        "iata": "NVT",
        "lat": -26.8251,
        "lon": -49.2695,
        "cca2": "BR",
        "region": "南美洲",
        "city": "廷博"
    },
    {
        "iata": "UDI",
        "lat": -18.8836116791,
        "lon": -48.225276947,
        "cca2": "BR",
        "region": "南美洲",
        "city": "乌贝兰迪亚"
    },
    {
        "iata": "VIX",
        "lat": -20.64871,
        "lon": -41.90857,
        "cca2": "BR",
        "region": "南美洲",
        "city": "维多利亚"
    },
    {
        "iata": "BWN",
        "lat": 4.903052,
        "lon": 114.939819,
        "cca2": "BN",
        "region": "亚太地区",
        "city": "斯里沙丹港"
    },
    {
        "iata": "SOF",
        "lat": 42.6966934204,
        "lon": 23.4114360809,
        "cca2": "BG",
        "region": "欧洲",
        "city": "索非亚"
    },
    {
        "iata": "OUA",
        "lat": 12.3531999588,
        "lon": -1.5124200583,
        "cca2": "BF",
        "region": "非洲",
        "city": "瓦加杜古"
    },
    {
        "iata": "PNH",
        "lat": 11.5466003418,
        "lon": 104.84400177,
        "cca2": "KH",
        "region": "亚太地区",
        "city": "金边"
    },
    {
        "iata": "YYC",
        "lat": 51.113899231,
        "lon": -114.019996643,
        "cca2": "CA",
        "region": "北美洲",
        "city": "卡尔加里"
    },
    {
        "iata": "YVR",
        "lat": 49.193901062,
        "lon": -123.183998108,
        "cca2": "CA",
        "region": "北美洲",
        "city": "温哥华"
    },
    {
        "iata": "YWG",
        "lat": 49.9099998474,
        "lon": -97.2398986816,
        "cca2": "CA",
        "region": "北美洲",
        "city": "温尼伯"
    },
    {
        "iata": "YHZ",
        "lat": 44.64601,
        "lon": -63.66844,
        "cca2": "CA",
        "region": "北美洲",
        "city": "哈利法克斯"
    },
    {
        "iata": "YOW",
        "lat": 45.3224983215,
        "lon": -75.6691970825,
        "cca2": "CA",
        "region": "北美洲",
        "city": "渥太华"
    },
    {
        "iata": "YYZ",
        "lat": 43.6772003174,
        "lon": -79.6305999756,
        "cca2": "CA",
        "region": "北美洲",
        "city": "多伦多"
    },
    {
        "iata": "YUL",
        "lat": 45.4706001282,
        "lon": -73.7407989502,
        "cca2": "CA",
        "region": "北美洲",
        "city": "蒙特利尔"
    },
    {
        "iata": "YXE",
        "lat": 52.1707992554,
        "lon": -106.699996948,
        "cca2": "CA",
        "region": "北美洲",
        "city": "萨斯卡通"
    },
    {
        "iata": "ARI",
        "lat": -18.348611,
        "lon": -70.338889,
        "cca2": "CL",
        "region": "南美洲",
        "city": "亚利加"
    },
    {
        "iata": "SCL",
        "lat": -33.3930015564,
        "lon": -70.7857971191,
        "cca2": "CL",
        "region": "南美洲",
        "city": "圣地亚哥"
    },
    {
        "iata": "BAQ",
        "lat": 10.8896,
        "lon": -74.7808,
        "cca2": "CO",
        "region": "南美洲",
        "city": "巴兰基亚"
    },
    {
        "iata": "BOG",
        "lat": 4.70159,
        "lon": -74.1469,
        "cca2": "CO",
        "region": "南美洲",
        "city": "波哥大"
    },
    {
        "iata": "MDE",
        "lat": 6.16454,
        "lon": -75.4231,
        "cca2": "CO",
        "region": "南美洲",
        "city": "麦德林"
    },
    {
        "iata": "FIH",
        "lat": -4.3857498169,
        "lon": 15.4446001053,
        "cca2": "CD",
        "region": "非洲",
        "city": "金沙萨"
    },
    {
        "iata": "SJO",
        "lat": 9.9938602448,
        "lon": -84.2088012695,
        "cca2": "CR",
        "region": "南美洲",
        "city": "圣何塞"
    },
    {
        "iata": "ABJ",
        "lat": 5.292598,
        "lon": -3.999133,
        "cca2": "CI",
        "region": "非洲",
        "city": "阿比让"
    },
    {
        "iata": "ASK",
        "lat": 6.842178,
        "lon": -5.259932,
        "cca2": "CI",
        "region": "非洲",
        "city": "雅穆苏科罗"
    },
    {
        "iata": "ZAG",
        "lat": 45.7429008484,
        "lon": 16.0687999725,
        "cca2": "HR",
        "region": "欧洲",
        "city": "萨格勒布"
    },
    {
        "iata": "LCA",
        "lat": 34.8750991821,
        "lon": 33.6249008179,
        "cca2": "CY",
        "region": "欧洲",
        "city": "尼科西亚"
    },
    {
        "iata": "PRG",
        "lat": 50.1007995605,
        "lon": 14.2600002289,
        "cca2": "CZ",
        "region": "欧洲",
        "city": "布拉格"
    },
    {
        "iata": "CPH",
        "lat": 55.6179008484,
        "lon": 12.6560001373,
        "cca2": "DK",
        "region": "欧洲",
        "city": "哥本哈根"
    },
    {
        "iata": "JIB",
        "lat": 11.5473003387,
        "lon": 43.1595001221,
        "cca2": "DJ",
        "region": "非洲",
        "city": "吉布提"
    },
    {
        "iata": "STI",
        "lat": 19.4060993195,
        "lon": -70.6046981812,
        "cca2": "DO",
        "region": "北美洲",
        "city": "圣地亚哥德洛斯卡巴列罗斯"
    },
    {
        "iata": "SDQ",
        "lat": 18.4297008514,
        "lon": -69.6688995361,
        "cca2": "DO",
        "region": "北美洲",
        "city": "圣多明各"
    },
    {
        "iata": "GYE",
        "lat": -2.1894,
        "lon": -79.8891,
        "cca2": "EC",
        "region": "南美洲",
        "city": "瓜亚基尔"
    },
    {
        "iata": "UIO",
        "lat": -0.1291666667,
        "lon": -78.3575,
        "cca2": "EC",
        "region": "南美洲",
        "city": "基多"
    },
    {
        "iata": "CAI",
        "lat": 30.1219005585,
        "lon": 31.4055995941,
        "cca2": "EG",
        "region": "非洲",
        "city": "开罗"
    },
    {
        "iata": "TLL",
        "lat": 59.4132995605,
        "lon": 24.8327999115,
        "cca2": "EE",
        "region": "欧洲",
        "city": "塔林"
    },
    {
        "iata": "SUV",
        "lat": -18.11319,
        "lon": 178.43859,
        "cca2": "FJ",
        "region": "大洋洲",
        "city": "苏瓦"
    },
    {
        "iata": "HEL",
        "lat": 60.317199707,
        "lon": 24.963300705,
        "cca2": "FI",
        "region": "欧洲",
        "city": "赫尔辛基"
    },
    {
        "iata": "BOD",
        "lat": 44.82946,
        "lon": -0.58355,
        "cca2": "FR",
        "region": "欧洲",
        "city": "波尔多"
    },
    {
        "iata": "LYS",
        "lat": 45.7263,
        "lon": 5.0908,
        "cca2": "FR",
        "region": "欧洲",
        "city": "里昂"
    },
    {
        "iata": "MRS",
        "lat": 43.439271922,
        "lon": 5.2214241028,
        "cca2": "FR",
        "region": "欧洲",
        "city": "马赛"
    },
    {
        "iata": "CDG",
        "lat": 49.0127983093,
        "lon": 2.5499999523,
        "cca2": "FR",
        "region": "欧洲",
        "city": "巴黎"
    },
    {
        "iata": "PPT",
        "lat": -17.5536994934,
        "lon": -149.606994629,
        "cca2": "PF",
        "region": "大洋洲",
        "city": "塔希提"
    },
    {
        "iata": "TBS",
        "lat": 41.6692008972,
        "lon": 44.95470047,
        "cca2": "GE",
        "region": "欧洲",
        "city": "第比利斯"
    },
    {
        "iata": "TXL",
        "lat": 52.5597000122,
        "lon": 13.2876996994,
        "cca2": "DE",
        "region": "欧洲",
        "city": "柏林"
    },
    {
        "iata": "DUS",
        "lat": 51.2895011902,
        "lon": 6.7667798996,
        "cca2": "DE",
        "region": "欧洲",
        "city": "杜塞尔多夫"
    },
    {
        "iata": "FRA",
        "lat": 50.0264015198,
        "lon": 8.543129921,
        "cca2": "DE",
        "region": "欧洲",
        "city": "法兰克福"
    },
    {
        "iata": "HAM",
        "lat": 53.6304016113,
        "lon": 9.9882297516,
        "cca2": "DE",
        "region": "欧洲",
        "city": "汉堡"
    },
    {
        "iata": "MUC",
        "lat": 48.3538017273,
        "lon": 11.7861003876,
        "cca2": "DE",
        "region": "欧洲",
        "city": "慕尼黑"
    },
    {
        "iata": "STR",
        "lat": 48.783333,
        "lon": 9.183333,
        "cca2": "DE",
        "region": "欧洲",
        "city": "斯图加特"
    },
    {
        "iata": "ACC",
        "lat": 5.614818,
        "lon": -0.205874,
        "cca2": "GH",
        "region": "非洲",
        "city": "阿克拉"
    },
    {
        "iata": "ATH",
        "lat": 37.9364013672,
        "lon": 23.9444999695,
        "cca2": "GR",
        "region": "欧洲",
        "city": "雅典"
    },
    {
        "iata": "SKG",
        "lat": 40.5196990967,
        "lon": 22.9708995819,
        "cca2": "GR",
        "region": "欧洲",
        "city": "塞萨洛尼基"
    },
    {
        "iata": "GND",
        "lat": 12.007116,
        "lon": -61.7882288,
        "cca2": "GD",
        "region": "南美洲",
        "city": "圣乔治"
    },
    {
        "iata": "GUM",
        "lat": 13.4834003448,
        "lon": 144.796005249,
        "cca2": "GU",
        "region": "亚太地区",
        "city": "阿加尼亚"
    },
    {
        "iata": "GUA",
        "lat": 14.5832996368,
        "lon": -90.5274963379,
        "cca2": "GT",
        "region": "北美洲",
        "city": "危地马拉城"
    },
    {
        "iata": "GEO",
        "lat": 6.825648,
        "lon": -58.163756,
        "cca2": "GY",
        "region": "南美洲",
        "city": "乔治敦"
    },
    {
        "iata": "TGU",
        "lat": 14.0608,
        "lon": -87.2172,
        "cca2": "HN",
        "region": "南美洲",
        "city": "特古西加尔巴"
    },
    {
        "iata": "HKG",
        "lat": 22.3089008331,
        "lon": 113.915000916,
        "cca2": "HK",
        "region": "亚太地区",
        "city": "香港"
    },
    {
        "iata": "BUD",
        "lat": 47.4369010925,
        "lon": 19.2555999756,
        "cca2": "HU",
        "region": "欧洲",
        "city": "布达佩斯"
    },
    {
        "iata": "KEF",
        "lat": 63.9850006104,
        "lon": -22.6056003571,
        "cca2": "IS",
        "region": "欧洲",
        "city": "雷克雅未克"
    },
    {
        "iata": "AMD",
        "lat": 23.0225,
        "lon": 72.5714,
        "cca2": "IN",
        "region": "亚太地区",
        "city": "艾哈迈达巴德"
    },
    {
        "iata": "BLR",
        "lat": 13.7835719,
        "lon": 76.6165937,
        "cca2": "IN",
        "region": "亚太地区",
        "city": "班加罗尔"
    },
    {
        "iata": "BBI",
        "lat": 20.2961,
        "lon": 85.8245,
        "cca2": "IN",
        "region": "亚太地区",
        "city": "布赫瓦内斯瓦尔"
    },
    {
        "iata": "IXC",
        "lat": 30.673500061,
        "lon": 76.7884979248,
        "cca2": "IN",
        "region": "亚太地区",
        "city": "钱迪加尔"
    },
    {
        "iata": "MAA",
        "lat": 12.9900054932,
        "lon": 80.1692962646,
        "cca2": "IN",
        "region": "亚太地区",
        "city": "金奈"
    },
    {
        "iata": "HYD",
        "lat": 17.2313175201,
        "lon": 78.4298553467,
        "cca2": "IN",
        "region": "亚太地区",
        "city": "海得拉巴"
    },
    {
        "iata": "CNN",
        "lat": 11.915858,
        "lon": 75.55094,
        "cca2": "IN",
        "region": "亚太地区",
        "city": "康纳"
    },
    {
        "iata": "KNU",
        "lat": 26.4499,
        "lon": 80.3319,
        "cca2": "IN",
        "region": "亚太地区",
        "city": "坎普尔"
    },
    {
        "iata": "COK",
        "lat": 9.9312,
        "lon": 76.2673,
        "cca2": "IN",
        "region": "亚太地区",
        "city": "科钦"
    },
    {
        "iata": "CCU",
        "lat": 22.6476933,
        "lon": 88.4349249,
        "cca2": "IN",
        "region": "亚太地区",
        "city": "加尔各答"
    },
    {
        "iata": "BOM",
        "lat": 19.0886993408,
        "lon": 72.8678970337,
        "cca2": "IN",
        "region": "亚太地区",
        "city": "孟买"
    },
    {
        "iata": "NAG",
        "lat": 21.1610714,
        "lon": 79.0024702,
        "cca2": "IN",
        "region": "亚太地区",
        "city": "纳格浦"
    },
    {
        "iata": "DEL",
        "lat": 28.5664997101,
        "lon": 77.1031036377,
        "cca2": "IN",
        "region": "亚太地区",
        "city": "新德里"
    },
    {
        "iata": "PAT",
        "lat": 25.591299057,
        "lon": 85.0879974365,
        "cca2": "IN",
        "region": "亚太地区",
        "city": "帕特纳"
    },
    {
        "iata": "DPS",
        "lat": -8.748169899,
        "lon": 115.1669998169,
        "cca2": "ID",
        "region": "亚太地区",
        "city": "登帕萨"
    },
    {
        "iata": "CGK",
        "lat": -6.1275229,
        "lon": 106.6515118,
        "cca2": "ID",
        "region": "亚太地区",
        "city": "雅加达"
    },
    {
        "iata": "JOG",
        "lat": -7.7881798744,
        "lon": 110.4319992065,
        "cca2": "ID",
        "region": "亚太地区",
        "city": "日惹"
    },
    {
        "iata": "BGW",
        "lat": 33.2625007629,
        "lon": 44.2346000671,
        "cca2": "IQ",
        "region": "中东",
        "city": "巴格达"
    },
    {
        "iata": "BSR",
        "lat": 30.5491008759,
        "lon": 47.6621017456,
        "cca2": "IQ",
        "region": "中东",
        "city": "巴士拉"
    },
    {
        "iata": "EBL",
        "lat": 36.1901,
        "lon": 43.993,
        "cca2": "IQ",
        "region": "中东",
        "city": "埃尔比勒"
    },
    {
        "iata": "NJF",
        "lat": 31.989722,
        "lon": 44.404167,
        "cca2": "IQ",
        "region": "中东",
        "city": "纳杰夫"
    },
    {
        "iata": "XNH",
        "lat": 30.9358005524,
        "lon": 46.0900993347,
        "cca2": "IQ",
        "region": "中东",
        "city": "纳西里亚"
    },
    {
        "iata": "ISU",
        "lat": 35.5668,
        "lon": 45.4161,
        "cca2": "IQ",
        "region": "中东",
        "city": "苏莱曼尼亚"
    },
    {
        "iata": "ORK",
        "lat": 51.8413009644,
        "lon": -8.491109848,
        "cca2": "IE",
        "region": "欧洲",
        "city": "科克"
    },
    {
        "iata": "DUB",
        "lat": 53.4212989807,
        "lon": -6.270070076,
        "cca2": "IE",
        "region": "欧洲",
        "city": "都柏林"
    },
    {
        "iata": "HFA",
        "lat": 32.78492,
        "lon": 34.96069,
        "cca2": "IL",
        "region": "中东",
        "city": "海法"
    },
    {
        "iata": "TLV",
        "lat": 32.0113983154,
        "lon": 34.8866996765,
        "cca2": "IL",
        "region": "中东",
        "city": "特拉维夫"
    },
    {
        "iata": "MXP",
        "lat": 45.6305999756,
        "lon": 8.7281103134,
        "cca2": "IT",
        "region": "欧洲",
        "city": "米兰"
    },
    {
        "iata": "PMO",
        "lat": 38.16114,
        "lon": 13.31546,
        "cca2": "IT",
        "region": "欧洲",
        "city": "巴勒莫"
    },
    {
        "iata": "FCO",
        "lat": 41.8045005798,
        "lon": 12.2508001328,
        "cca2": "IT",
        "region": "欧洲",
        "city": "罗马"
    },
    {
        "iata": "KIN",
        "lat": 17.9951,
        "lon": -76.7846,
        "cca2": "JM",
        "region": "北美洲",
        "city": "金斯敦"
    },
    {
        "iata": "FUK",
        "lat": 33.5902,
        "lon": 130.4017,
        "cca2": "JP",
        "region": "亚太地区",
        "city": "福冈"
    },
    {
        "iata": "OKA",
        "lat": 26.1958,
        "lon": 127.646,
        "cca2": "JP",
        "region": "亚太地区",
        "city": "那霸"
    },
    {
        "iata": "KIX",
        "lat": 34.4272994995,
        "lon": 135.244003296,
        "cca2": "JP",
        "region": "亚太地区",
        "city": "大阪"
    },
    {
        "iata": "NRT",
        "lat": 35.7647018433,
        "lon": 140.386001587,
        "cca2": "JP",
        "region": "亚太地区",
        "city": "东京"
    },
    {
        "iata": "AMM",
        "lat": 31.7226009369,
        "lon": 35.9931983948,
        "cca2": "JO",
        "region": "中东",
        "city": "安曼"
    },
    {
        "iata": "AKX",
        "lat": 50.286922,
        "lon": 57.224121,
        "cca2": "KZ",
        "region": "亚太地区",
        "city": "Aktobe"
    },
    {
        "iata": "ALA",
        "lat": 43.3521003723,
        "lon": 77.0404968262,
        "cca2": "KZ",
        "region": "亚太地区",
        "city": "阿拉木图"
    },
    {
        "iata": "NQZ",
        "lat": 51.167801,
        "lon": 71.418893,
        "cca2": "KZ",
        "region": "亚太地区",
        "city": "阿斯塔纳"
    },
    {
        "iata": "MBA",
        "lat": -4.0348300934,
        "lon": 39.5942001343,
        "cca2": "KE",
        "region": "非洲",
        "city": "蒙巴萨"
    },
    {
        "iata": "NBO",
        "lat": -1.319239974,
        "lon": 36.9277992249,
        "cca2": "KE",
        "region": "非洲",
        "city": "内罗毕"
    },
    {
        "iata": "ICN",
        "lat": 37.4691009521,
        "lon": 126.450996399,
        "cca2": "KR",
        "region": "亚太地区",
        "city": "首尔"
    },
    {
        "iata": "KWI",
        "lat": 29.226600647,
        "lon": 47.9688987732,
        "cca2": "KW",
        "region": "中东",
        "city": "科威特城"
    },
    {
        "iata": "VTE",
        "lat": 17.9757,
        "lon": 102.5683,
        "cca2": "LA",
        "region": "亚太地区",
        "city": "万象"
    },
    {
        "iata": "RIX",
        "lat": 56.9235992432,
        "lon": 23.9710998535,
        "cca2": "LV",
        "region": "欧洲",
        "city": "里加"
    },
    {
        "iata": "BEY",
        "lat": 33.8208999634,
        "lon": 35.4883995056,
        "cca2": "LB",
        "region": "中东",
        "city": "贝鲁特"
    },
    {
        "iata": "VNO",
        "lat": 54.6341018677,
        "lon": 25.2858009338,
        "cca2": "LT",
        "region": "欧洲",
        "city": "维尔纽斯"
    },
    {
        "iata": "LUX",
        "lat": 49.6265983582,
        "lon": 6.211520195,
        "cca2": "LU",
        "region": "欧洲",
        "city": "卢森堡市"
    },
    {
        "iata": "MFM",
        "lat": 22.1495990753,
        "lon": 113.592002869,
        "cca2": "MO",
        "region": "亚太地区",
        "city": "澳门"
    },
    {
        "iata": "TNR",
        "lat": -18.91368,
        "lon": 47.53613,
        "cca2": "MG",
        "region": "非洲",
        "city": "塔那那利佛"
    },
    {
        "iata": "JHB",
        "lat": 1.635848,
        "lon": 103.665943,
        "cca2": "MY",
        "region": "亚太地区",
        "city": "新山"
    },
    {
        "iata": "KUL",
        "lat": 2.745579958,
        "lon": 101.709999084,
        "cca2": "MY",
        "region": "亚太地区",
        "city": "吉隆坡"
    },
    {
        "iata": "KCH",
        "lat": 1.709727,
        "lon": 110.353455,
        "cca2": "MY",
        "region": "亚太地区",
        "city": "KUCHING"
    },
    {
        "iata": "MLE",
        "lat": 4.1748,
        "lon": 73.50888,
        "cca2": "MV",
        "region": "亚太地区",
        "city": "马累"
    },
    {
        "iata": "MRU",
        "lat": -20.4302005768,
        "lon": 57.6836013794,
        "cca2": "MU",
        "region": "非洲",
        "city": "路易港"
    },
    {
        "iata": "GDL",
        "lat": 20.5217990875,
        "lon": -103.3109970093,
        "cca2": "MX",
        "region": "北美洲",
        "city": "瓜达拉哈拉"
    },
    {
        "iata": "MEX",
        "lat": 19.4363002777,
        "lon": -99.0720977783,
        "cca2": "MX",
        "region": "北美洲",
        "city": "墨西哥城"
    },
    {
        "iata": "QRO",
        "lat": 20.6173000336,
        "lon": -100.185997009,
        "cca2": "MX",
        "region": "北美洲",
        "city": "克雷塔罗"
    },
    {
        "iata": "KIV",
        "lat": 46.9277000427,
        "lon": 28.9309997559,
        "cca2": "MD",
        "region": "欧洲",
        "city": "基希訥乌"
    },
    {
        "iata": "ULN",
        "lat": 47.8431015015,
        "lon": 106.766998291,
        "cca2": "MN",
        "region": "亚太地区",
        "city": "乌兰巴托"
    },
    {
        "iata": "MPM",
        "lat": -25.9207992554,
        "lon": 32.5726013184,
        "cca2": "MZ",
        "region": "非洲",
        "city": "马普托"
    },
    {
        "iata": "MDL",
        "lat": 21.7051697,
        "lon": 95.9695206,
        "cca2": "MM",
        "region": "亚太地区",
        "city": "缅甸仰光"
    },
    {
        "iata": "RGN",
        "lat": 16.9073009491,
        "lon": 96.1332015991,
        "cca2": "MM",
        "region": "亚太地区",
        "city": "仰光"
    },
    {
        "iata": "WDH",
        "lat": -22.565587,
        "lon": 17.085334,
        "cca2": "NA",
        "region": "非洲",
        "city": "温得和克"
    },
    {
        "iata": "KTM",
        "lat": 27.6965999603,
        "lon": 85.3591003418,
        "cca2": "NP",
        "region": "亚太地区",
        "city": "加德满都"
    },
    {
        "iata": "AMS",
        "lat": 52.3086013794,
        "lon": 4.7638897896,
        "cca2": "NL",
        "region": "欧洲",
        "city": "阿姆斯特丹"
    },
    {
        "iata": "NOU",
        "lat": -22.0146007538,
        "lon": 166.212997436,
        "cca2": "NC",
        "region": "大洋洲",
        "city": "努美阿"
    },
    {
        "iata": "AKL",
        "lat": -37.0080986023,
        "lon": 174.792007446,
        "cca2": "NZ",
        "region": "大洋洲",
        "city": "奥克兰"
    },
    {
        "iata": "CHC",
        "lat": -43.4893989563,
        "lon": 172.5319976807,
        "cca2": "NZ",
        "region": "大洋洲",
        "city": "克赖斯特彻奇"
    },
    {
        "iata": "LOS",
        "lat": 6.5773701668,
        "lon": 3.321160078,
        "cca2": "NG",
        "region": "非洲",
        "city": "拉各斯"
    },
    {
        "iata": "SKP",
        "lat": 41.9616012573,
        "lon": 21.6214008331,
        "cca2": "MK",
        "region": "欧洲",
        "city": "斯科普里"
    },
    {
        "iata": "OSL",
        "lat": 60.193901062,
        "lon": 11.100399971,
        "cca2": "NO",
        "region": "欧洲",
        "city": "奥斯陆"
    },
    {
        "iata": "MCT",
        "lat": 23.5932998657,
        "lon": 58.2844009399,
        "cca2": "OM",
        "region": "中东",
        "city": "马斯喀特"
    },
    {
        "iata": "ISB",
        "lat": 33.6166992188,
        "lon": 73.0991973877,
        "cca2": "PK",
        "region": "亚太地区",
        "city": "伊斯兰堡"
    },
    {
        "iata": "KHI",
        "lat": 24.9064998627,
        "lon": 67.1607971191,
        "cca2": "PK",
        "region": "亚太地区",
        "city": "卡拉奇"
    },
    {
        "iata": "LHE",
        "lat": 31.5216007233,
        "lon": 74.4036026001,
        "cca2": "PK",
        "region": "亚太地区",
        "city": "拉合尔"
    },
    {
        "iata": "ZDM",
        "lat": 32.2719,
        "lon": 35.0194,
        "cca2": "PS",
        "region": "中东",
        "city": "拉马拉"
    },
    {
        "iata": "PTY",
        "lat": 9.0713596344,
        "lon": -79.3834991455,
        "cca2": "PA",
        "region": "南美洲",
        "city": "巴拿马城"
    },
    {
        "iata": "ASU",
        "lat": -25.2399997711,
        "lon": -57.5200004578,
        "cca2": "PY",
        "region": "南美洲",
        "city": "亚松森"
    },
    {
        "iata": "LIM",
        "lat": -12.021900177,
        "lon": -77.1143035889,
        "cca2": "PE",
        "region": "南美洲",
        "city": "利马"
    },
    {
        "iata": "CGY",
        "lat": 8.4156198502,
        "lon": 124.611000061,
        "cca2": "PH",
        "region": "亚太地区",
        "city": "卡加延德奥罗"
    },
    {
        "iata": "CEB",
        "lat": 10.3074998856,
        "lon": 123.978996277,
        "cca2": "PH",
        "region": "亚太地区",
        "city": "宿雾"
    },
    {
        "iata": "MNL",
        "lat": 14.508600235,
        "lon": 121.019996643,
        "cca2": "PH",
        "region": "亚太地区",
        "city": "马尼拉"
    },
    {
        "iata": "CRK",
        "lat": 15.1859,
        "lon": 120.5599,
        "cca2": "PH",
        "region": "亚太地区",
        "city": "塔尔拉克市"
    },
    {
        "iata": "WAW",
        "lat": 52.1656990051,
        "lon": 20.9671001434,
        "cca2": "PL",
        "region": "欧洲",
        "city": "华沙"
    },
    {
        "iata": "LIS",
        "lat": 38.7812995911,
        "lon": -9.1359195709,
        "cca2": "PT",
        "region": "欧洲",
        "city": "里斯本"
    },
    {
        "iata": "SJU",
        "lat": 18.411391,
        "lon": -66.102793,
        "cca2": "PR",
        "region": "北美洲",
        "city": "圣胡安"
    },
    {
        "iata": "DOH",
        "lat": 25.2605946,
        "lon": 51.6137665,
        "cca2": "QA",
        "region": "中东",
        "city": "多哈"
    },
    {
        "iata": "RUN",
        "lat": -20.8871002197,
        "lon": 55.5102996826,
        "cca2": "RE",
        "region": "非洲",
        "city": "圣但尼"
    },
    {
        "iata": "OTP",
        "lat": 44.5722007751,
        "lon": 26.1021995544,
        "cca2": "RO",
        "region": "欧洲",
        "city": "布加勒斯特"
    },
    {
        "iata": "KJA",
        "lat": 56.0153,
        "lon": 92.8932,
        "cca2": "RU",
        "region": "亚太地区",
        "city": "克拉斯诺亚尔斯克"
    },
    {
        "iata": "DME",
        "lat": 55.4087982178,
        "lon": 37.9062995911,
        "cca2": "RU",
        "region": "欧洲",
        "city": "莫斯科"
    },
    {
        "iata": "LED",
        "lat": 59.8003005981,
        "lon": 30.2625007629,
        "cca2": "RU",
        "region": "欧洲",
        "city": "圣彼得堡"
    },
    {
        "iata": "KLD",
        "lat": 56.8587,
        "lon": 35.9176,
        "cca2": "RU",
        "region": "欧洲",
        "city": "特维尔"
    },
    {
        "iata": "SVX",
        "lat": 56.8431,
        "lon": 60.6454,
        "cca2": "RU",
        "region": "亚太地区",
        "city": "叶卡捷琳堡"
    },
    {
        "iata": "KGL",
        "lat": -1.9686299563,
        "lon": 30.1394996643,
        "cca2": "RW",
        "region": "非洲",
        "city": "基加利"
    },
    {
        "iata": "DMM",
        "lat": 26.471200943,
        "lon": 49.7979011536,
        "cca2": "SA",
        "region": "中东",
        "city": "达曼"
    },
    {
        "iata": "JED",
        "lat": 21.679599762,
        "lon": 39.15650177,
        "cca2": "SA",
        "region": "中东",
        "city": "吉达"
    },
    {
        "iata": "RUH",
        "lat": 24.9575996399,
        "lon": 46.6987991333,
        "cca2": "SA",
        "region": "中东",
        "city": "利雅得"
    },
    {
        "iata": "DKR",
        "lat": 14.7412099,
        "lon": -17.4889771,
        "cca2": "SN",
        "region": "非洲",
        "city": "达喀尔"
    },
    {
        "iata": "BEG",
        "lat": 44.8184013367,
        "lon": 20.3090991974,
        "cca2": "RS",
        "region": "欧洲",
        "city": "贝尔格莱德"
    },
    {
        "iata": "SIN",
        "lat": 1.3501900434,
        "lon": 103.994003296,
        "cca2": "SG",
        "region": "亚太地区",
        "city": "新加坡"
    },
    {
        "iata": "BTS",
        "lat": 48.1486,
        "lon": 17.1077,
        "cca2": "SK",
        "region": "欧洲",
        "city": "布拉迪斯拉发"
    },
    {
        "iata": "CPT",
        "lat": -33.9648017883,
        "lon": 18.6016998291,
        "cca2": "ZA",
        "region": "非洲",
        "city": "开普敦"
    },
    {
        "iata": "DUR",
        "lat": -29.6144444444,
        "lon": 31.1197222222,
        "cca2": "ZA",
        "region": "非洲",
        "city": "德班"
    },
    {
        "iata": "JNB",
        "lat": -26.133333,
        "lon": 28.25,
        "cca2": "ZA",
        "region": "非洲",
        "city": "约翰内斯堡"
    },
    {
        "iata": "BCN",
        "lat": 41.2971000671,
        "lon": 2.0784599781,
        "cca2": "ES",
        "region": "欧洲",
        "city": "巴塞罗那"
    },
    {
        "iata": "MAD",
        "lat": 40.4936,
        "lon": -3.56676,
        "cca2": "ES",
        "region": "欧洲",
        "city": "马德里"
    },
    {
        "iata": "CMB",
        "lat": 7.1807599068,
        "lon": 79.8841018677,
        "cca2": "LK",
        "region": "亚太地区",
        "city": "科伦坡"
    },
    {
        "iata": "PBM",
        "lat": 5.452831,
        "lon": -55.187783,
        "cca2": "SR",
        "region": "南美洲",
        "city": "帕拉马里博"
    },
    {
        "iata": "GOT",
        "lat": 57.6627998352,
        "lon": 12.279800415,
        "cca2": "SE",
        "region": "欧洲",
        "city": "哥德堡"
    },
    {
        "iata": "ARN",
        "lat": 59.6519012451,
        "lon": 17.9186000824,
        "cca2": "SE",
        "region": "欧洲",
        "city": "斯德哥尔摩"
    },
    {
        "iata": "GVA",
        "lat": 46.2380981445,
        "lon": 6.1089501381,
        "cca2": "CH",
        "region": "欧洲",
        "city": "日内瓦"
    },
    {
        "iata": "ZRH",
        "lat": 47.4646987915,
        "lon": 8.5491695404,
        "cca2": "CH",
        "region": "欧洲",
        "city": "苏黎世"
    },
    {
        "iata": "KHH",
        "lat": 22.5771007538,
        "lon": 120.3499984741,
        "cca2": "TW",
        "region": "亚太地区",
        "city": "高雄市"
    },
    {
        "iata": "TPE",
        "lat": 25.0776996613,
        "lon": 121.233001709,
        "cca2": "TW",
        "region": "亚太地区",
        "city": "台北"
    },
    {
        "iata": "DAR",
        "lat": -6.8781099319,
        "lon": 39.2025985718,
        "cca2": "TZ",
        "region": "非洲",
        "city": "达累斯萨拉姆"
    },
    {
        "iata": "BKK",
        "lat": 13.6810998917,
        "lon": 100.747001648,
        "cca2": "TH",
        "region": "亚太地区",
        "city": "曼谷"
    },
    {
        "iata": "CNX",
        "lat": 18.7667999268,
        "lon": 98.962600708,
        "cca2": "TH",
        "region": "亚太地区",
        "city": "清迈"
    },
    {
        "iata": "URT",
        "lat": 9.1325998306,
        "lon": 99.135597229,
        "cca2": "TH",
        "region": "亚太地区",
        "city": "素叻他尼"
    },
    {
        "iata": "POS",
        "lat": 10.5953998566,
        "lon": -61.3372001648,
        "cca2": "TT",
        "region": "南美洲",
        "city": "西班牙港"
    },
    {
        "iata": "TUN",
        "lat": 36.8510017395,
        "lon": 10.2271995544,
        "cca2": "TN",
        "region": "非洲",
        "city": "突尼斯"
    },
    {
        "iata": "IST",
        "lat": 40.9768981934,
        "lon": 28.8145999908,
        "cca2": "TR",
        "region": "欧洲",
        "city": "伊斯坦布尔"
    },
    {
        "iata": "ADB",
        "lat": 38.32377,
        "lon": 27.14317,
        "cca2": "TR",
        "region": "欧洲",
        "city": "伊兹密尔"
    },
    {
        "iata": "EBB",
        "lat": 0.3152,
        "lon": 32.5816,
        "cca2": "UG",
        "region": "非洲",
        "city": "坎帕拉"
    },
    {
        "iata": "KBP",
        "lat": 50.3450012207,
        "lon": 30.8946990967,
        "cca2": "UA",
        "region": "欧洲",
        "city": "基辅"
    },
    {
        "iata": "DXB",
        "lat": 25.2527999878,
        "lon": 55.3643989563,
        "cca2": "AE",
        "region": "中东",
        "city": "迪拜"
    },
    {
        "iata": "EDI",
        "lat": 55.9500007629,
        "lon": -3.3724999428,
        "cca2": "GB",
        "region": "欧洲",
        "city": "爱丁堡"
    },
    {
        "iata": "LHR",
        "lat": 51.4706001282,
        "lon": -0.4619410038,
        "cca2": "GB",
        "region": "欧洲",
        "city": "伦敦"
    },
    {
        "iata": "MAN",
        "lat": 53.3536987305,
        "lon": -2.2749500275,
        "cca2": "GB",
        "region": "欧洲",
        "city": "曼彻斯特"
    },
    {
        "iata": "MGM",
        "lat": 32.30059814,
        "lon": -86.39399719,
        "cca2": "US",
        "region": "北美洲",
        "city": "蒙哥马利"
    },
    {
        "iata": "ANC",
        "lat": 61.158555,
        "lon": -149.890208,
        "cca2": "US",
        "region": "北美洲",
        "city": "安克雷奇"
    },
    {
        "iata": "PHX",
        "lat": 33.434299469,
        "lon": -112.012001038,
        "cca2": "US",
        "region": "北美洲",
        "city": "凤凰城"
    },
    {
        "iata": "LAX",
        "lat": 33.94250107,
        "lon": -118.4079971,
        "cca2": "US",
        "region": "北美洲",
        "city": "洛杉矶"
    },
    {
        "iata": "SMF",
        "lat": 38.695400238,
        "lon": -121.591003418,
        "cca2": "US",
        "region": "北美洲",
        "city": "萨克拉门托"
    },
    {
        "iata": "SAN",
        "lat": 32.7336006165,
        "lon": -117.190002441,
        "cca2": "US",
        "region": "北美洲",
        "city": "圣地亚哥"
    },
    {
        "iata": "SFO",
        "lat": 37.6189994812,
        "lon": -122.375,
        "cca2": "US",
        "region": "北美洲",
        "city": "旧金山"
    },
    {
        "iata": "SJC",
        "lat": 37.3625984192,
        "lon": -121.929000855,
        "cca2": "US",
        "region": "北美洲",
        "city": "圣何塞"
    },
    {
        "iata": "DEN",
        "lat": 39.8616981506,
        "lon": -104.672996521,
        "cca2": "US",
        "region": "北美洲",
        "city": "丹佛"
    },
    {
        "iata": "JAX",
        "lat": 30.4941005707,
        "lon": -81.6878967285,
        "cca2": "US",
        "region": "北美洲",
        "city": "杰克逊维尔"
    },
    {
        "iata": "MIA",
        "lat": 25.7931995392,
        "lon": -80.2906036377,
        "cca2": "US",
        "region": "北美洲",
        "city": "迈阿密"
    },
    {
        "iata": "TLH",
        "lat": 30.3964996338,
        "lon": -84.3503036499,
        "cca2": "US",
        "region": "北美洲",
        "city": "塔拉哈西"
    },
    {
        "iata": "TPA",
        "lat": 27.9755001068,
        "lon": -82.533203125,
        "cca2": "US",
        "region": "北美洲",
        "city": "坦帕"
    },
    {
        "iata": "ATL",
        "lat": 33.6366996765,
        "lon": -84.4281005859,
        "cca2": "US",
        "region": "北美洲",
        "city": "亚特兰大"
    },
    {
        "iata": "HNL",
        "lat": 21.3187007904,
        "lon": -157.9219970703,
        "cca2": "US",
        "region": "北美洲",
        "city": "檀香山"
    },
    {
        "iata": "ORD",
        "lat": 41.97859955,
        "lon": -87.90480042,
        "cca2": "US",
        "region": "北美洲",
        "city": "芝加哥"
    },
    {
        "iata": "IND",
        "lat": 39.717300415,
        "lon": -86.2944030762,
        "cca2": "US",
        "region": "北美洲",
        "city": "印第安纳波利斯"
    },
    {
        "iata": "BGR",
        "lat": 44.8081,
        "lon": -68.795,
        "cca2": "US",
        "region": "北美洲",
        "city": "班戈"
    },
    {
        "iata": "BOS",
        "lat": 42.36429977,
        "lon": -71.00520325,
        "cca2": "US",
        "region": "北美洲",
        "city": "波士顿"
    },
    {
        "iata": "DTW",
        "lat": 42.2123985291,
        "lon": -83.3534011841,
        "cca2": "US",
        "region": "北美洲",
        "city": "底特律"
    },
    {
        "iata": "MSP",
        "lat": 44.8819999695,
        "lon": -93.2218017578,
        "cca2": "US",
        "region": "北美洲",
        "city": "明尼阿波利斯"
    },
    {
        "iata": "MCI",
        "lat": 39.2975997925,
        "lon": -94.7138977051,
        "cca2": "US",
        "region": "北美洲",
        "city": "堪萨斯城"
    },
    {
        "iata": "STL",
        "lat": 38.7486991882,
        "lon": -90.3700027466,
        "cca2": "US",
        "region": "北美洲",
        "city": "圣路易斯"
    },
    {
        "iata": "OMA",
        "lat": 41.3031997681,
        "lon": -95.8940963745,
        "cca2": "US",
        "region": "北美洲",
        "city": "奥马哈"
    },
    {
        "iata": "LAS",
        "lat": 36.08010101,
        "lon": -115.1520004,
        "cca2": "US",
        "region": "北美洲",
        "city": "拉斯维加斯"
    },
    {
        "iata": "EWR",
        "lat": 40.6925010681,
        "lon": -74.1687011719,
        "cca2": "US",
        "region": "北美洲",
        "city": "纽瓦克"
    },
    {
        "iata": "ABQ",
        "lat": 35.0844,
        "lon": -106.6504,
        "cca2": "US",
        "region": "北美洲",
        "city": "阿尔伯克基"
    },
    {
        "iata": "BUF",
        "lat": 42.94049835,
        "lon": -78.73220062,
        "cca2": "US",
        "region": "北美洲",
        "city": "水牛城"
    },
    {
        "iata": "CLT",
        "lat": 35.2140007019,
        "lon": -80.9430999756,
        "cca2": "US",
        "region": "北美洲",
        "city": "夏洛特"
    },
    {
        "iata": "RDU",
        "lat": 35.93543,
        "lon": -78.88075,
        "cca2": "US",
        "region": "北美洲",
        "city": "达勒姆"
    },
    {
        "iata": "CLE",
        "lat": 41.50069,
        "lon": -81.68412,
        "cca2": "US",
        "region": "北美洲",
        "city": "克利夫兰"
    },
    {
        "iata": "CMH",
        "lat": 39.9980010986,
        "lon": -82.8918991089,
        "cca2": "US",
        "region": "北美洲",
        "city": "哥伦布"
    },
    {
        "iata": "OKC",
        "lat": 35.46655,
        "lon": -97.65373,
        "cca2": "US",
        "region": "北美洲",
        "city": "俄克拉荷马城"
    },
    {
        "iata": "PDX",
        "lat": 45.58869934,
        "lon": -122.5979996,
        "cca2": "US",
        "region": "北美洲",
        "city": "波特兰"
    },
    {
        "iata": "PHL",
        "lat": 39.8718986511,
        "lon": -75.2410964966,
        "cca2": "US",
        "region": "北美洲",
        "city": "费城"
    },
    {
        "iata": "PIT",
        "lat": 40.49150085,
        "lon": -80.23290253,
        "cca2": "US",
        "region": "北美洲",
        "city": "匹兹堡"
    },
    {
        "iata": "FSD",
        "lat": 43.540819819502,
        "lon": -96.65511577730963,
        "cca2": "US",
        "region": "北美洲",
        "city": "苏福尔斯"
    },
    {
        "iata": "MEM",
        "lat": 35.0424003601,
        "lon": -89.9766998291,
        "cca2": "US",
        "region": "北美洲",
        "city": "孟菲斯"
    },
    {
        "iata": "BNA",
        "lat": 36.1245002747,
        "lon": -86.6781997681,
        "cca2": "US",
        "region": "北美洲",
        "city": "纳什维尔"
    },
    {
        "iata": "AUS",
        "lat": 30.1975,
        "lon": -97.6664,
        "cca2": "US",
        "region": "北美洲",
        "city": "奥斯汀"
    },
    {
        "iata": "DFW",
        "lat": 32.8968009949,
        "lon": -97.0380020142,
        "cca2": "US",
        "region": "北美洲",
        "city": "达拉斯"
    },
    {
        "iata": "IAH",
        "lat": 29.9843997955,
        "lon": -95.3414001465,
        "cca2": "US",
        "region": "北美洲",
        "city": "休斯顿"
    },
    {
        "iata": "MFE",
        "lat": 26.17580032,
        "lon": -98.23860168,
        "cca2": "US",
        "region": "北美洲",
        "city": "麦卡伦"
    },
    {
        "iata": "SAT",
        "lat": 29.429461,
        "lon": -98.487061,
        "cca2": "US",
        "region": "北美洲",
        "city": "圣安东尼奥"
    },
    {
        "iata": "SLC",
        "lat": 40.7883987427,
        "lon": -111.977996826,
        "cca2": "US",
        "region": "北美洲",
        "city": "盐湖城"
    },
    {
        "iata": "IAD",
        "lat": 38.94449997,
        "lon": -77.45580292,
        "cca2": "US",
        "region": "北美洲",
        "city": "阿什本"
    },
    {
        "iata": "ORF",
        "lat": 36.8945999146,
        "lon": -76.2012023926,
        "cca2": "US",
        "region": "北美洲",
        "city": "诺福克"
    },
    {
        "iata": "RIC",
        "lat": 37.5051994324,
        "lon": -77.3197021484,
        "cca2": "US",
        "region": "北美洲",
        "city": "里士满"
    },
    {
        "iata": "SEA",
        "lat": 47.4490013123,
        "lon": -122.308998108,
        "cca2": "US",
        "region": "北美洲",
        "city": "西雅图"
    },
    {
        "iata": "TAS",
        "lat": 41.257900238,
        "lon": 69.2811965942,
        "cca2": "UZ",
        "region": "亚太地区",
        "city": "塔什干"
    },
    {
        "iata": "DAD",
        "lat": 16.02636,
        "lon": 108.20869,
        "cca2": "VN",
        "region": "亚太地区",
        "city": "岘港"
    },
    {
        "iata": "HAN",
        "lat": 21.221200943,
        "lon": 105.806999206,
        "cca2": "VN",
        "region": "亚太地区",
        "city": "河内"
    },
    {
        "iata": "SGN",
        "lat": 10.8187999725,
        "lon": 106.652000427,
        "cca2": "VN",
        "region": "亚太地区",
        "city": "胡志明市"
    },
    {
        "iata": "HRE",
        "lat": -17.9318008423,
        "lon": 31.0928001404,
        "cca2": "ZW",
        "region": "非洲",
        "city": "哈拉雷"
    }
]